<?xml version="1.0" encoding="UTF-8" ?>
<feedback>
  <version>1.0</version>
  <report_metadata>
    <org_name>google.com</org_name>
    <email>noreply-dmarc-support@google.com</email>
    <extra_contact_info>https://support.google.com/a/answer/2466580</extra_contact_info>
    <report_id>9268798059246576059</report_id>
    <date_range>
      <begin>1748649600</begin>
      <end>1748735999</end>
    </date_range>
  </report_metadata>
  <policy_published>
    <domain>beaubremer.com</domain>
    <adkim>r</adkim>
    <aspf>r</aspf>
    <p>quarantine</p>
    <sp>quarantine</sp>
    <pct>100</pct>
    <np>quarantine</np>
  </policy_published>
  <record>
    <row>
      <source_ip>57.103.91.231</source_ip>
      <count>1</count>
      <policy_evaluated>
        <disposition>none</disposition>
        <dkim>pass</dkim>
        <spf>fail</spf>
      </policy_evaluated>
    </row>
    <identifiers>
      <header_from>beaubremer.com</header_from>
    </identifiers>
    <auth_results>
      <dkim>
        <domain>beaubremer.com</domain>
        <result>pass</result>
        <selector>sig1</selector>
      </dkim>
      <spf>
        <domain>beaubremer.com</domain>
        <result>none</result>
      </spf>
    </auth_results>
  </record>
  <record>
    <row>
      <source_ip>57.103.76.13</source_ip>
      <count>1</count>
      <policy_evaluated>
        <disposition>quarantine</disposition>
        <dkim>fail</dkim>
        <spf>fail</spf>
      </policy_evaluated>
    </row>
    <identifiers>
      <header_from>beaubremer.com</header_from>
    </identifiers>
    <auth_results>
      <dkim>
        <domain>beaubremer.com</domain>
        <result>fail</result>
        <selector>sig1</selector>
      </dkim>
      <spf>
        <domain>beaubremer.com</domain>
        <result>neutral</result>
      </spf>
    </auth_results>
  </record>
  <record>
    <row>
      <source_ip>57.103.90.146</source_ip>
      <count>1</count>
      <policy_evaluated>
        <disposition>none</disposition>
        <dkim>pass</dkim>
        <spf>pass</spf>
      </policy_evaluated>
    </row>
    <identifiers>
      <header_from>beaubremer.com</header_from>
    </identifiers>
    <auth_results>
      <dkim>
        <domain>beaubremer.com</domain>
        <result>pass</result>
        <selector>sig1</selector>
      </dkim>
      <spf>
        <domain>beaubremer.com</domain>
        <result>pass</result>
      </spf>
    </auth_results>
  </record>
</feedback>
