<?xml version="1.0" encoding="UTF-8" ?>
<feedback>
    <version>1.0</version>
    <report_metadata>
        <org_name>seznam.cz a.s.</org_name>
        <email>abuse@seznam.cz</email>
        <report_id>szn_beaubremer.com-2025-11-16</report_id>
        <date_range>
            <begin>1763247600</begin>
            <end>1763334000</end>
        </date_range>
    </report_metadata>
    <policy_published>
        <domain>beaubremer.com</domain>
        <adkim>r</adkim>
        <aspf>r</aspf>
        <p>quarantine</p>
        <pct>100</pct>
        <fo>0</fo>
    </policy_published>
    <record>
        <row>
            <source_ip>120.56.240.121</source_ip>
            <count>1</count>
            <policy_evaluated>
                <disposition>quarantine</disposition>
                <dkim>fail</dkim>
                <spf>fail</spf>
            </policy_evaluated>
        </row>
        <identifiers>
            <header_from>beaubremer.com</header_from>
        </identifiers>
        <auth_results>
             
             <spf>
                <domain>beaubremer.com</domain>
                <scope>mfrom</scope>
                <result>softfail</result>
            </spf>
        </auth_results>
    </record>
</feedback>
