<?xml version="1.0" encoding="UTF-8" ?>
<feedback>
  <version>1.0</version>
  <report_metadata>
    <org_name>google.com</org_name>
    <email>noreply-dmarc-support@google.com</email>
    <extra_contact_info>https://support.google.com/a/answer/2466580</extra_contact_info>
    <report_id>17194441569629263669</report_id>
    <date_range>
      <begin>1761436800</begin>
      <end>1761523199</end>
    </date_range>
  </report_metadata>
  <policy_published>
    <domain>beaubremer.com</domain>
    <adkim>r</adkim>
    <aspf>r</aspf>
    <p>quarantine</p>
    <sp>quarantine</sp>
    <pct>100</pct>
    <np>quarantine</np>
  </policy_published>
  <record>
    <row>
      <source_ip>57.103.90.135</source_ip>
      <count>1</count>
      <policy_evaluated>
        <disposition>none</disposition>
        <dkim>fail</dkim>
        <spf>pass</spf>
      </policy_evaluated>
    </row>
    <identifiers>
      <header_from>beaubremer.com</header_from>
    </identifiers>
    <auth_results>
      <dkim>
        <domain>beaubremer.com</domain>
        <result>fail</result>
        <selector>sig1</selector>
      </dkim>
      <spf>
        <domain>beaubremer.com</domain>
        <result>pass</result>
      </spf>
    </auth_results>
  </record>
</feedback>
